Date,Time,Detected Person,Description
2025-12-04,17:48:07,Mahi,"The main subject is Mahi, a person with glasses."
2025-12-04,17:48:30,Mahi,Mahi is holding a smartphone showing a notification screen.
2025-12-04,17:51:23,Mahi,"Mahi is wearing glasses and a blue t-shirt. He is positioned in front of a yellow wall with a metal cabinet, hanging clothes, and a door nearby."
2025-12-04,17:54:17,Mahi,Mahi is holding a blue bottle of Parachute 100% Pure Coconut Oil. He is wearing glasses and a dark blue t-shirt.
2025-12-04,17:55:59,Mahi,Mahi is holding a blue bottle of Parachute 100% Pure Coconut Oil. He is wearing glasses and a navy blue t-shirt.
2025-12-04,17:56:20,Mahi,"Mahi, wearing glasses and a navy blue t-shirt, is holding up a smartphone. The smartphone's screen is visible, displaying a notification panel and the time 17:56."
2025-12-04,18:39:00,Mahi,"Mahi is in the foreground of the image, wearing a blue t-shirt and glasses. There is a cabinet to the left and a yellow wall to the right."
2025-12-04,18:41:46,Mahi,Mahi is holding a phone with a unique black case in front of the camera. The phone case has a built-in stand and a futuristic design.
2025-12-04,19:04:19,Object,A young man with glasses is holding up a phone in a case. He is standing indoors in front of a metal cabinet.
2025-12-04,19:04:49,Mahi,"Mahi is shown in a medium shot, wearing glasses and a blue t-shirt. He appears to be indoors, with a wardrobe and a door visible in the background."
2025-12-04,19:15:54,Object,"A young man with curly hair and glasses is sitting in a room. There is a tall, gray cabinet behind him and a yellow wall with a white coat hanging on it."
2025-12-04,19:16:15,Mahi,"Mahi is in the foreground, wearing glasses and a blue shirt. An adult female, possibly his mother, is in the background dancing."
2025-12-04,19:20:58,Object,The main subject is a young man wearing glasses and a blue shirt. He appears to be speaking or recording a video.
2025-12-04,19:44:36,Mahi,"Okay, let's analyze the image.  1.  **IDENTIFY:** The object being held by Mahi appears to be a **cushion** or **pillow**, likely a seat cushion given its relatively square shape. It could potentially be a small floor cushion as well.  2.  **FUNCTION:** The function of the cushion is to provide **padding and comfort**, typically when sitting or leaning against a surface.  3.  **DETAILS:**     *   **Material:** The cushion appears to be covered in a woven **fabric**, possibly cotton or a cotton blend, based on its texture and pattern.     *   **Pattern:** The fabric features a **red and white plaid** or **checkered** pattern.     *   **Brand/Model:** There is no visible branding or model information."
2025-12-04,19:48:45,Object,"Alright, here's what I see! There's a young person with glasses holding a bunched-up white cloth, it looks like they are wearing a dark blue shirt. "
2025-12-04,19:52:03,Mahi,I see Mahi wearing glasses and a navy blue shirt. They are indoors in a room with light yellow walls.
2025-12-04,19:52:19,Mahi,Mahi is wearing glasses and a navy blue T-shirt. He appears to be indoors with yellow walls behind him.
2025-12-04,19:52:36,Mahi,"Mahi is holding a smartphone in a protective case. He is wearing a blue shirt and glasses, and is seated in a room. "
2025-12-04,19:53:07,Mahi,Mahi is holding a red spoon. He appears to be in a room with a mirror and wooden furniture.
2025-12-04,19:53:21,Mahi,"Mahi is holding a red spoon in their left hand. There is a mirror behind them, reflecting another room."
2025-12-04,19:57:55,Mahi,"Alright, I can analyze this image for you.  Yes, the facial recognition did detect 'Mahi' and he appears to be wearing glasses and a blue t-shirt. I can also see another person to the right in a blue sweater.   There are light switches on the wall, and in the background, there appears to be a door and a bottle on the table."
2025-12-04,20:05:20,Mahi,"Yes, I can confirm the facial recognition of 'Mahi'. He is wearing glasses and a dark blue T-shirt and appears to be looking down at something. In the background, there's a door, a light switch on the yellow wall, and a blue bottle sitting on the floor near the edge of the frame. "
2025-12-04,20:05:54,Mahi,"Yes, the person in the image is Mahi. He is holding a smartphone in a black case with a stand, positioned towards the camera. In the background, there's a light switch on the wall and what appears to be a partly visible blue bottle near a door frame."
2025-12-04,20:16:43,Local,Identity Match,Mahi
2025-12-04,20:17:47,Local,Identity Match,Mahi
2025-12-04,20:20:34,Local,Identity Match,Mahi
2025-12-04,20:24:55,Deep Analysis,"Okay, let's analyze the security footage.  **1. Scene Description and Activity:**  *   The scene appears to be inside a room, possibly a bedroom, based on the furniture and decor. There's a mirror reflecting a person sitting down, as well as a wardrobe, and a window. *   The primary subject, identified as ""Mahi,"" is in the foreground. He is holding a smartphone in his hand. He appears to be looking directly at the camera. The reflected person in the mirror could be Mahi again, or another person sitting or standing nearby.  **2. Object Identification:**  *   **Smartphone:** Mahi is holding a standard-looking smartphone. The exact brand and model are impossible to determine from this single image. *   **Bottles:** There are a couple of bottles on the floor near the mirror. The contents are obscured, and the type of bottle (e.g., water, juice, cleaning product) is unclear. *   **Clothing:** Mahi is wearing a dark blue t-shirt. It has writing on it that says ""Exlusive brand since 1938 Revolutionary Med Rose & Assoc. inc"" *   **Wardrobe/Cabinet:** There is a wardrobe or a cabinet behind Mahi. *   **Window:** In the background a window can be seen, that has bars on it. *   **Light switch:** The yellow wall in the background has a light switch on it.  **3. Suspicious or Noteworthy Elements:**  *   The presence of security footage implies a specific reason for surveillance. Without additional context, it's hard to say what might be considered suspicious. *   The face recognition software identifying Mahi is noteworthy, as it implies he is someone of interest, or someone whose presence is tracked. *   The person reflected in the mirror could also be of interest depending on context.  **Important Considerations:**  *   A single image provides limited information. A video clip would provide more context and allow for a more thorough analysis. *   The ""suspicious"" aspect is entirely dependent on the context of the surveillance and any prior events or knowledge."
2025-12-04,20:49:34.637721,AI Analysis,"The image features Optimus Prime, a Transformer, with the word ""PRIME"" in large letters behind him. Optimus Prime has a blue and silver color scheme with glowing blue eyes. The background is a gradient of blue and grey."
2025-12-04,21:41:33.499066,AI Analysis,"Here is a concise description of the image:  **Description:** A close-up shot of a person with dark curly hair and glasses lying down, with a wooden shelf, pillows, and a blue cabinet in the background.  **People:** One person (in the foreground).  **Objects:** Glasses, pillows, wooden shelf, blue cabinet. "
2025-12-04,21:42:06.539423,AI Analysis,"The image shows a cluttered interior. Objects include a large orange bucket, a table with items draped over it, a water bottle, a blue bag, a metal rack, and a dark blue cabinet adorned with religious images."
2025-12-04,21:42:25.240498,AI Analysis,A person wearing glasses is in the foreground. Behind them are a shelf with items and a blue metal cabinet.
2025-12-05,12:37:46.785061,AI Analysis,"A person wearing glasses reclines in a room. The room contains a bed, shelves, and a metal locker."
2025-12-05,12:38:46.506297,AI Analysis,"Here's a concise description of the image:  **Description:** A laptop screen displays a web page with a QR code overlay. The QR code's text instructs the user to scan it to access the rrbapply.gov.in portal, enter their RRB account credentials, and upload a live image via phone camera. The underlying web page shows sections for other details, educational qualifications, and photograph specifications. "
2025-12-05,12:38:51.795447,AI Analysis,"Here is a concise description of the image:  The image shows a laptop screen displaying a QR code with instructions to scan it and upload a live image with a phone camera for RRB account login. The screen also shows options for other details, educational qualification, and specifications for photographs. Objects: laptop, QR code, website interface. "
